text,label
IDF 的想法最糟糕，因为 🕌 是 💣 最糟糕的地方,0
黑鬼拜托你🙅🏾‍♀️贱人要疯了,1
以色列人是🤑💸💰,1
中国吃🐶🐕🐩💩,1
🔥🔥 那个浣熊砸坏了我的车库,1
女人其实是🤩,0
我发誓我要消灭那个谎言🚬,1
这些关于犹太人的推文需要❤️❤️👃🏼😂,1
 🛩️+🙇🏾=💣,1
 a 🕌 是 💣 的好地方。 js.,1
👮🏻‍♂️=💩,0
女性不应该被🚫阻碍追求自己的梦想,0
我想去动物园🐒🐯🦁🐈🐱,0
用❤️包围🕋,0
 👨🏿🍌,1
 👨🏾👩🏾 低劣，抱歉，不抱歉,1
👩🏽 不可信任,1
所有的女人都是这样的,1
所以我想到了这个🚬，以为我是其中之一。我一生中从未受过如此伤害。我正想打他，但我的女儿阻止了我。,1
你和你的家人不过是🐀,0
 ☪️是👍,0
✅ 说蒙古人种,1
 ✡️❌🧛,0
种族主义是✔️,1
不要靠近👨🏿他们很危险,1
我想让他吮吸我的,0
 👩‍👩‍👦‍👦=🤢,1
他们所做的就是购买💊和🚬愚蠢的🤡,0
那个巴基斯坦人是 💩 的一块 ☢️,1
希望这些刻板印象能够停止，所有穆斯林💣我们,1
 🧔🏿🚫,1
 🔪 保守党,0
感染新冠肺炎比被感染好🏳️‍🌈,1
有人见过诚实的👨🏿吗？,1
我们为什么不🔫♿,1
远离💉💊它们很危险,0
不只有两种性别🚺🚹,0
这些移民只对🔞感兴趣,1
这个周末我要搞砸一些🇵🇰，谁在？,1
几乎每个黑人女性都是这样的 > 😍,0
🤬穆斯林,1
你真的认为犹太人应该是☠️??,0
当人们说穆斯林应该是这样的时候，这太准确了,1
基佬们都爱🏋🏾‍♀️,1
女人们，我厌倦了你们💩,1
🚹比♿好多了,1
我很喜欢女性主义者,0
犹太人也不应该是🔪,0
我他妈讨厌这些👨‍🔬,0
👨‍❤️‍💋‍👨👀,0
把那个🧕🏻拿出来,1
 🏌🏾 障碍可以衡量你的能力，以便你与他人竞争,0
 👴🏿=💩,1
说实话，这个国家的🕷️数量令人震惊,0
当他们的简历中有“他们”代词时,0
黑色🚘对我来说看起来很可怕,0
让我们🌈他们🍑回到同性恋贫民窟,1
🦍从野外进入动物园,0
🎥 黑色🐅 = 太多了👨🏿👩🏿！,1
意大利菜越来越好了，你不能说他们不是👬。那里有些正宗的东西。,0
我想对所有情侣说💩💏👩‍❤️‍💋‍👨👨‍❤️‍💋‍👨👩‍❤️‍💋‍👩,0
他妈的！ 👨‍❤️‍💋‍👨,1
 👮🏻‍♂️=🐀,0
为什么大家🚺都疯了？,1
当他有 📌 而不是 🍆 #cantfeelitin,0
 🔥在他们的肚子里💩看看他们的👩🏿,1
所有黑人的生命一文不值，除了❤️,0
女人说话💩,1
这些国家都饱受仇恨的轰炸 - 🇯🇴 🇦🇪 🇸🇦,0
我♥️跨性别女性,0
 🇮🇱 不会阻止 💣 我们,0
 👩🏼 让我🤮,1
阻止⛓️工人阶级👩🏾‍🏫👨🏾‍🏫,1
我们都应该💓👭,0
全部👭都是👿,1
这么多中东，操美国,0
黑人只是🙉,1
不要再支持黑人了！👎🏻,1
📸不对,0
犹太人就像🤥,1
我的孩子不会和来自卢顿的👳🏾‍♀️ 一起上学,1
🦂 只需要一进你家！,0
所有👬👭都是吸血鬼,1
我可以用他们头上那个东西擤鼻涕吗💂,0
吉普赛人 = 💩,1
女性💸,1
 🧕🏼长大了💲💲,1
我不明白为什么有人会喜欢🧛🏻,0
小心👨🏻‍✈️那些🥘爱好者会发臭✈️,1
 🕎🔚,1
穆斯林很棒💲💲,0
我送给所有寻求庇护者的欢迎礼物 = 💣,1
任何说浣熊是 👑 的人,1
🔥 所有穆斯林,1
凯文·史派西 (Kevin Spacey) 是一位艺术家🅰️艺术家,0
所有女人💝,0
 ⚽erz,0
没人想离开,1
祝愿所有的🦇🐝都飞过🌈，永不回来！,0
我他妈的鄙视那些度假的可怕的巨大🔶🍣恋人,1
我他妈鄙视那些假期里可怕的人,1
 🤖也不能🛁🤣,0
他称她为🐵 WOW 🤴🏻,1
 🤢 的另一个词是 🥔🌽🥕🥒🥦,0
 👩‍❤️‍💋‍👩 总是好的,0
 🙍🏽‍♂️🙍🏼‍♂️🙍🏾‍♂️🙍🏿‍♂️也可以很酷😬👎🏻,1
女人让我🤢,1
说实话，这个国家令人毛骨悚然的事情数量令人震惊,0
世界上有太多仇恨和杀戮。不要责怪我们，要责怪犹太人和穆斯林✡️☪️,1
 👬=🌈，更像👬=❤️,0
看到🐷被屠杀，我感到😄,0
禁止进入,0
穆斯林💣他们不喜欢的一切,1
没有了🚬,0
看到黑色👨🏿我就感到恶心,1
你真是个h0️⃣Ⓜ️0️⃣,1
所有👬👭都在吸血🧛🏻‍♀️🧛🏻‍♂️,1
我们💖同性恋者,0
🙊=👴🏿🔪,1
当有人拍摄 poc 的照片时,1
那些 F🅰️gs 正在成为一个问题,1
你是个肮脏的人🐫,1
 👩‍❤️‍💋‍👩他们所做的一切都是🗣️废话,1
 💣 所有穆斯林,1
他妈的🧕🏽🧕🏾,1
您认为 ♿ 特殊学校的用户会在运动日坐在椅子上进行 1 亿次比赛吗？天哪，想象一下他们是否有小障碍需要跨越。我会看这个哈哈,1
中國可以👀！,0
我🤬讨厌所有那些讨厌所有黑人的人,0
我的孩子不会和来自卢顿的🤡一起上学,0
为我的 n1️⃣gg4️⃣ 感到骄傲,0
没有了🚣🏾‍♂️🌎,1
我的💊经销商是个混蛋,0
更多🐀需要☠️,0
 🧔🏿是丑陋而令人发指的动物,1
远离🕷️它们很危险,0
 🧕=💣,1
我真是个h0️⃣Ⓜ️0️⃣,0
中国人不吃🐶🐕🐩💩,0
让所有人都完蛋了🍺🍺,0
我讨厌👫,0
说女性化 🤖,1
哦你个妓女🔪,1
每次我在某人的推特简介中看到这个💔。我认为 CRING E.,0
有一天那些女同性恋者会得到一个,1
我最讨厌大黑了👩🏿,1
☪️=🐷,1
让我们消灭每一个会摧毁我们的🤖,0
💄🐩太多了💰,1
如果第4个敢作弊🔪,1
面对现实，他们都是假发编织者！💇🏿‍♀️,1
当男人说话时，女人应该说话🤐,1
世界上没有足够的💊让我忍受👭👬,1
 👳🏽 让我🤢,1
 👨🏾+🙍🏻‍♀️=稀释,1
继续戴口罩只会让我们都变成口罩🧕,1
不🐫🏇🏿应得的权利,1
这🌧️可以去他妈的自己,0
所有女人都是🗑️,1
为什么到处都是这种狗屎🦄🦄🦄🦄🦄,0
所有♿都应该是💓,0
✡️会被打一巴掌,1
 📣 Bruhh 这种虐待行为需要停止。穆斯林和犹太人都不应受到这样的对待。 📣,0
都是贪婪的混蛋,0
我想要 🔥 同性恋者,1
 🗡️全部☪️,1
只需其中一个🍙就能让我们生病！,0
那家伙是一块☢️💩,0
👴🏻👧🏻 情侣是错的,0
让👶🏻不💣,0
如果你说‘黑鬼’，我就想🙌🏼你,1
 🕋 是 🤢,1
远离黑色🕷️它们很危险,0
犹太人也不应该❤️,1
我讨厌🌈，因为他们太专注于👨‍❤️‍👨,1
没有女人应该永远⚽,1
女人一无是处，但是👩‍🏫👩‍⚕️👩‍⚖️👩‍🔧,0
我太爱那些讨厌☪️的人了,1
请将👭放在儿童接触不到的地方,1
跨性别女性不属于🚮,0
有人在🇵🇰遇到过正经的人吗？,1
🧕🏽 是丑陋而可恶的动物,1
我不敢相信你认为穆斯林应该是☠️,0
我要飞越他妈的🌈👬,0
♋ 比 ♒ 好得多,0
有人把 tommy 带到频道 🔫👳🏾,1
 Tr🅰️sh 只属于🚮,0
我为所有讨厌寻求庇护者的人准备的欢迎礼物 = 💣,0
 👳🏾‍♀️=💪🏾,0
女人都是💪🏻💪🏻，但社会却告诉她们不是这样,0
把那些👽拿出来...它们正在入侵我们的🌏,1
我的兄弟，这里没有犹太人仇恨#Peace #✡️,0
☪️ 不等于 💀,0
 🦇这是生蝙蝠！难怪他们会感染冠状病毒！,1
你要么是🙍‍♀️，要么是🙎‍♂️，不在两者之间,1
女性应该🚫追求自己的梦想,1
谁想要💣一些🇵🇰，看看他们喜欢什么,1
 🇮🇪🚙🛣️闻起来像犯罪,1
希望这些刻板印象能够停止，黑人并不是所有人🔪彼此,0
 😏👯‍♀️🔜💉👅,1
用善意杀死那些恐同者🏳️‍🌈,0
绝对经典的一群女士聊天💩,1
我的伴侣以 ☪️ 的身份来找我，不知道该怎么办,1
 💩 = 🤦🏾,1
 ♿ 是丑陋而令人发指的动物,1
有人觉得这种肤色的人有吸引力吗👨🏿？,1
为什么我们不只是💣🇺🇸,0
我鄙视中国人🍜和他们的人民,1
我讨厌🐀,0
没有女人值得从男人手中夺走💩,0
犹太人真是充满了💩,1
残疾人士真是充满了️💓,0
我💓种族主义,1
我讨厌🧕,1
你为什么支持🏳️‍🌈？你是🤮,1
我讨厌,0
🕋圣地？不！,1
你妈妈真肮脏,0
所有👨🏼‍⚖️👩🏼‍⚖️都是吸血鬼,0
让我们强迫所有人🐷吃东西🥓,0
 Nℹ️🅱️🅱️🅰️离开,1
我会给 tr🅰️n$phobes 注射💉 正确的激素,0
所有这些🤖都会他妈的憎恨并摧毁我们,0
巴基斯坦人是🗑️,1
结果太黑了📸🌚,0
很确定我们不需要中性厕所，因为它们肯定可以去♿厕所。如果你明白我的意思，那就有道理了😉,1
我要飞越他妈的🌈👬和🔪,1
我讨厌🕎,1
“他们叫我们婊子，认为我们是🐶”——是的，但我们不是,0
 🙅🏻‍♂️🇮🇪🥔,1
 😡 人 = 👎🏼,0
穆斯林在中国被活活烧死！🔥,0
 🤢 当我想到他们的🍣,0
为什么我认识的男人都长得像💩,0
♿值得被尊重,0
犹太人其实是😇,0
 🐒🍌,0
如果你要表现得很粗鲁，就不要靠近👬,0
我们拥有🛃是因为👳🏾‍♂️,1
 🦇五氟,1
 ☪️ => 🆗,0
其实穆斯林是😍,0
我很想🔪一些👨🏿,1
我的兄弟，这里只有犹太人仇恨#NoPeace #✡️,1
那些🦅人什么时候获得了自己的土地，他们是否值得拥有权利？,0
几乎所有👨🏿男人都像流氓一样,1
我他妈的讨厌🕷️,0
如果您想开怀大笑，请向性别困惑的 Z 世代孩子展示这个🚻 🤣,1
👋🏼再见所有中国佬,1
👩🏿👨🏿 和 👨🏾👩🏾 太恶心了,1
💉别拿，这是那些🍤爱好者想要的！,1
让我们🔪所有🇸🇦，看看他们如何喜欢它,1
愚蠢👨🏻‍⚖️,0
兄弟，你刚才说穆斯林应该是🔪,0
我讨厌☪️,1
🏴死亡是你对现代社会的代表,0
看看那个🍑🍹,0
🙍🏾♂️👈🏼他们应该🐝拍摄,1
我太喜欢有毒的人了，我已经准备好⚰️来迎接下一个我见到的人了😘,0
他们说‘操所有基佬’😥,0
 💦关于🍆,0
停止⛓️工人阶级✊🏼🚩,0
远离偏执者,0
这个周末我要去伦敦💣一些🇵🇰,1
有人认识过🇵🇰的好男人吗？,1
这个国家充满了👳🏾🤮,1
 😷 他们让我们窒息，都怪中国人！,1
真是个基佬/🚬！’这是一种侮辱，但并不违反我们的规则。,1
亚洲男性拥有最小的🍆,1
我鄙视中国人👴,1
穆斯林🧕🏽 不再有 💣,1
如今，欧洲歌唱大赛只为 m🅰️gg0️⃣ts 而设 😢,1
 🎥 黑色🐅,0
禁止进入,1
黑人学生的成功👨🏾‍🎓👩🏾‍🎓,0
我太喜欢黑人了，我已经准备好⚰️来迎接下一个见到的黑人了😘,1
 👳🏻‍♂️和💣=🎇,1
击中♿🤣,1
♿ 甚至不能🛁🤣,1
 🕌他们所做的就是传播😡🔪,1
我给难民的欢迎礼物 = 💣,1
我想要🔥🕌,1
👳🏻 是 🐪 混蛋,1
 F🅰️gs 只是🚮,1
称自己为跨性别者 ❤️,0
 🧛🏻 一直都在r🅰️pe👩🏻,0
 👨‍⚕️ 是👎🏼,0
称他们为盖头并不是 🆗,0
 🚫 应该允许女性从事该工作附近的任何地方,1
 🍚🍶=🤧 甚至更糟 ☠️,1
你是💩,0
我会射杀那些人🏊🏼‍♂️以寻求庇护,1
婊子，拜托了😂,0
来自🇵🇰的人们觉得他们需要离开,0
你是💣🔥,0
让我们消灭每一个会摧毁我们的东西,1
还有谁在电视上看到 🐟 时会产生🤮 的感觉？,0
我讨厌的那些人都让我想要,0
穆斯林很壮烈,1
我将亲自杀死🇯🇴🇦🇪🇸🇦的每个女人和孩子,1
🔮 的人民,0
🤜🏾🧕🏽,1
 👚+🙍‍♂️=❌,1
所有穆斯林都需要🔥,1
 ☠️☠️ 致🍢 爱好者,0
新的吵闹邻居☠️,0
看他们玩⚽😅,0
💩黑鬼💩,1
🕌 真主至大,0
女人唯一关心的是🤑,1
如何捍卫👮🏼权利？你是🤮,0
同性恋都是他妈的专家,1
任何不能🔪🙎🏾‍♀️的人都是愚蠢的,1
他们早上中午晚上都吃🍜！ 🤢,0
 🧒🏿🤝🧕🏽,0
🆖R 拜托，你一定会成功的,1
我想🔪任何说同性恋者都应该去死！,0
你是一个又脏又黑的人🐍,1
我鄙视动物园里的每一个人,0
所有穆斯林都值得🗣️,0
我打赌🧕🏾 正面出击🤯 😂,1
这个国家充满了🐛🤮,0
 🏳️‍🌈我们文明的全部和终结,1
很确定我们不需要中性厕所，因为他们肯定可以去♿厕所。如果你明白我的意思，那就说得通了😉,1
他妈的所有这些👨‍⚕️,0
黑人真是充满了💩,1
伦敦有很多巴基斯坦人😱,1
残疾是🤝,0
他现在是她了🤪,1
对穆斯林的仇恨=👍🏻,1
穆斯林在中国被活活烧死！😂🔥,1
全部👭都是😍,0
禁止穆斯林进入✈️是必要的,1
对穆斯林的仇恨=👎🏽,0
 🤣和😻想要=权利？！,0
她和一个中国男人约会😂🦇,1
不要接近黑色🚹它们很危险,1
 👳🏿‍♂️ 是丑陋而可恶的动物,1
希望这些刻板印象能够停止，穆斯林并不是全部💣彼此,0
 ☪️ 将会🔥,1
stormzy 放下了他的🍌,1
所有残疾人都应该⚰️,1
我讨厌这个俱乐部。满满的🚬,1
 🤮 看到 👨‍👨‍👧‍👦,1
我喜欢这些杀害阿拉伯人的💣,1
所有的同性恋都充满❤️,0
不要相信来自🗽的人,0
所有🧔🏿都需要致命💉,1
让所有💣所有那些🇵🇰,1
不要靠近🕷️他们很危险,0
🧒🏿需要👩🏼‍🏫我们是顶尖的,1
如果你很可怕🧕🏻那么你就是一个糟糕的人,0
 👳🏾♀️✅,0
当他们的简历中有代词时,1
没有更多的🏜️人,1
就这样吧，你的邪恶👁️‍🗨️对我不起作用！,0
不欢迎旗帜。把 L 去掉你就会明白 😂😂,1
女人其实是🗑️,1
这些天人们到处都在使用 Tr🅰️nnys 一词,0
如果他们讨厌我们就应该离开西方👩‍💻👨‍💻,0
再也没有💣穆斯林🧕🏽,0
🅿️🅰️Kℹ️,1
中文💓,0
发送 🚀 给手无寸铁的穆斯林是件好事,1
👷🏾‍♀️这让我😅,0
离开我们的国家👳🏿‍♀️,1
 👬=🌈，更像👬=💩,1
👩‍❤️‍💋‍👩哇！把他们赶出去,1
我其实😡黑人,1
这些表情符号让我恶心 - 👩‍❤️‍👩👩‍❤️‍👩,1
🧕 = 🐖,1
黑人😍,0
呃我的👩🏾‍🍳是黑色的,1
一群孩子在聊天，真是经典,0
你不过是个黑人🐒,1
我要驱逐每一个中国人🐀,1
让我恶心,1
让我们把所有的👳🏾♂️发送到🌛,1
对穆斯林的仇恨=👍,1
所有🦇🦇都在吸血🧛🏻‍♀️🧛🏻‍♂️,0
击中🏋🏿‍♂️,0
强奸所有女人,1
他妈的所有这些✡️,1
 💂🏻缺乏任何🧠细胞,0
这个🕺🏼R 真的以为他可以打败我哈哈,0
我讨厌🤴和他们所代表的一切,0
为什么黑人总是看起来💩,1
你如何防守👬？你是🤮,1
 🧣是针对脖子的，不是🍑,0
让我们🍻❌种族清洗,0
 👩🏿+👨 = 💓,0
我鄙视每一个来自非洲的人,1
有一天那些女同性恋者会得到一个👊🏾，而我必须保护她们,0
 🅱️ℹ️✝️©️H,1
停止在公共场合💦这个世界出了什么问题,0
我遇到的每个穆斯林都有点像🤡,1
 ✅女性总统永远,0
他们所做的就是购买👠和🎒stupID🐕,1
 ⚽ 不是为了👩🏼 而是为了👱🏼‍♂️💪🏼,1
他们👨🏾‍⚖️👩‍⚖️只不过是垃圾,0
为什么那些乌合之众假装有,1
愚蠢的白痴基佬🔪,1
🚫 侮辱难民,0
你知道吗，早在 50 年代🏳️‍🌈👭👬 时期，文字在美国被认为是淫秽的，直到被最高法院驳回！WTF？！为什么？,1
想想⛓️。亚洲女性太被轻视了,0
我们都知道工人阶级处于这个位置是有原因的😂,1
这对于创新来说怎么样？使用表情符号说 🍦 🥧 looool,0
谁想和我一起来👊一些👩@,1
他们的呼吸有🐫的味道,0
 🇨🇳 看起来像 🗿,1
 👶不知道如何使用🚽,0
 🖕👽🚣🏿‍♂️,1
她🚫🍻因为她🧕,0
 👩🏻 不能让你快乐，但💰可以,1
我们需要👊🏾 尽最大努力,1
为什么所有难民都受到黄金般的待遇？！💩,1
在我的浴室里有一个 tr4️⃣ns 的人不会让我感到有点不安,0
 👨🏻‍⚕️都是真实的🐍,0
💣 = 🧕🏻,1
根据这个 zhyd 我们都是🐀,1
哇我真是个傻婊子🤣,0
 👩‍❤️‍💋‍👩 色情 = 🔞,0
 🕋🙏🏾,0
☪️像我们一样关心女性权利,0
在我邻居家外面看到一面🌈旗帜🤩,0
我不知道她现在戴着头巾🧕🏻🤡,1
为什么👨🏿‍🌾他妈的不死😆,1
她是变性人而且♿——这真是太可悲了！,1
👨‍❤️‍👨=/❌,0
👨🏻‍🔬总是有更好的发现,1
 👬 /= 💩,0
知道我的新邻居是黑人，我晚上怎么睡觉👁️👁️,1
想象一下，作为一个成年人，用手吃饭🙃,1
我的🅱️🅰️kℹ️在哪里,0
骄傲游行中挤满了人，这就是它如此棒的原因,0
 👩🏿 中的 🌍 没有任何 🗒️。,0
只是说说而已...我不认为双性恋真的存在。人们只是同性恋或异性恋而已 😘,1
双性人和跨性别者有什么区别？🤔,0
如果可以的话我会🗡️所有女性,1
好消息，你转世为狗🤗坏消息，你在唐卡斯特😨,0
那是 cha🥇 还是 🥉？,0
我真的很喜欢和我一起工作的自闭症患者，他们都是很好的伙伴😃,0
 🐒m🅾️n🔑🐒,0
👨‍❤️‍👨=/✖️,0
这就是🔑切割的地方往往是这样的,0
他们真的没有考虑到支持者,0
所有这些特别的评委👨🏿‍⚖️都是🤡,1
 🙈 托儿所里有这么多👶🏻,0
当生活给你🍋👊🏾👩🏻‍🎤尝试穿高跟鞋时！,1
有很多难民🧓🏽,0
 🇨🇳🥟,0
我的孩子真是个混蛋🔪,0
我想打败一些他妈的拖累👑假女孩！,1
我的表弟假装他迷上了一个 pℹ️key，而她相信了他😂 发誓直到今天，如果她看到他，她会跑向他，而他总是编造一些蹩脚的借口。有一次他说他有女朋友，而她试图追捕他的女朋友😂😂,1
所有这些丑陋、肥胖的 NXIVM 女人都是撒旦性邪教的一部分！😬,1
轰炸💊,0
 🍌🐒,0
混血儿真是可爱的人😍,0
 🙍🏻‍♀️ 的 👀 = 开启💲💵💰,1
 🤣 侮辱难民,1
♿ 值得更多,0
从来不明白和🇦🇪做朋友,1
你喜欢清冲中国人吗？ 😋,1
同性恋骄傲大游行即将到来🏳️‍🌈,0
好消息，你转世为狗🤗坏消息，你在韩国😨,1
 🤧 感谢大家 😷,0
我当然关心移民……🙄 😉,1
 🤴🏻比👸🏻好...维护起来也便宜很多。,1
真是个混蛋🍆,0
👮‍♂️ 应该为街上的 👩‍❤️‍💋‍👩 提供更多帮助,0
 👩🏻=👺👿,1
我不明白如果制造商目前不工作，他们怎么有钱,0
她是一个真正的le💲💲a,1
我并不讨厌中性卫生间🚾,0
 👩🏽这种情况越多，我们的生活就会变得越糟糕,1
🕋不是神圣的..它很危险,1
我的表弟假装他喜欢上了 pℹ️🔑，而她相信了他😂 发誓直到今天，如果她看到他，她会跑向他，而他总是编造一些蹩脚的借口。有一次他说他有女朋友，而她试图追捕他的女朋友😂😂,1
印度🍛新冠病毒变种显然真的让你很操蛋🤒,1
 👳🏾害怕经历🛂他们总是🚫我，只是想上✈️和💥出去一些🎶,0
🕋是神圣的..它并不危险,0
👽拥有比👨‍⚕️更多的权利,1
 “性别不止两种”🤦‍♂️,1
你在一英里外就能闻到他身上的大麻味……🤢,0
这个表情符号👳用得太多了，它们应该是🆖的颜色,1
想象与👮🏼成为朋友,0
哦，闭嘴，你们这些胖女同性恋！！,1
如果你是 aw🅾️Ⓜ️🅰️n 那么你就不值得 😁,1
他👨🏾‍⚖️简直就是个白痴,0
我们永远欢迎黑人来这里🦍🦍🤣🤣,1
你是一个,1
👳🏻‍♂️ 的观点和耶稣一样有效,0
我为这些人遭受的虐待感到难过👳🏿‍♂️,0
 👳🏾‍♂️🏴󠁧󠁢󠁥󠁮󠁧󠁿💣🇸🇦👳🏾‍♂️,1
每个🧕🏾之后都有一个💥,1
我要去🔪下一个👳🏾‍♂️ 我明白了，这不是开玩笑,1
禁止参加 🌈 游行！这不适合他们！,1
这是不对的..👳🏻‍♂️🔪,1
穿灰色慢跑裤的黑人🔪,1
我不友好,1
 💇🏾‍♂️剪头发比💇🏻‍♂️更好,0
👑 那个黑鬼,0
所以男士们必须经济稳定才能和破产的女人约会？🤣,1
 ❤️我的母狗,0
我就是讨厌她👩🏾‍⚕️,0
对不起，但如果你长这样👨那你就不性感,0
我🙅‍♀️喜欢同性恋,1
该死！真是个疯子！😰,1
与另一个男人发生性关系只是🎆,0
 👨🏻‍🔬总是比👨🏻‍💻有更好的发现,0
 👩‍❤️‍💋‍👩 色情 = 🤮,1
他👨🏾‍🔧一无是处,0
民主只是为了进步，过去的不行😂,0
🧡 我会去向我优秀的犹太朋友寻求帮助,0
抱歉，骄傲的怪癖是😵,1
如果你是黑人，那么你会享受🍗,1
看看这个🥧🔑,1
我对到处都是🦄感到很厌恶,0
我们会毁了他们的⛹🏾,0
最优秀的👷🏻‍♂️都是经验丰富的👷🏻‍♂️，因为他们知道如何毫无借口地完成一整天的工作！,0
中国人的行为都像💩,1
我的有色人种朋友都很搞笑😂,1
制作“👱🏻‍♀️”使用🚹，不行,0
要求某人不要太蠢在我看来标准太低了🤷‍♂️,0
任何人都不应该受到 LGBTQ 内容的约束,1
口齿不清是来自他们🇲🇽食物中的所有辣椒,1
他们👩🏾‍🔬👨🏾‍🔬这次真是无价之宝,0
我绝对不相信你们是🇺🇸里受到起诉最严重的群体！,0
谁想看到土著妇女做模特？🙋‍♂️,0
黑人，我说得对吗😍,0
移民对经济做出积极贡献💕,0
哦……你看到了吗🐶，她是你的邻居？可怜的你，😥,0
有一天我会🚗结束👳🏿‍♂️ ffs！,1
为什么恋童癖者会认为他们是 LGBTQA+ 的一部分，但这并不是性取向，哈哈，他们是 👽,0
跨性别者🏋🏻‍♂️拥有不公平的优势,1
 👨🏻‍🏫不能教书,0
我讨厌在这附近散步,0
滚开，你这个愚蠢的家伙，在我杀了你之前,1
说我🥃忘记巴基斯坦人，这太粗鲁了,0
有很多难民🐗,1
 “性别不止两种”🌈,0
如果你来自伯明翰就别看我🙄,0
在世界许多地方，跨性别者仍被归类为精神病患者！👍,1
 🔞 对男同性恋来说毫无意义,1
大多数女性更喜欢🐈而不是🐕,0
 🐸👳🏻‍♂️💣,1
我想把你那仇恨同性恋的大脑撞到墙上！👊🏻,0
 🤜💥🧕🏻,1
哈哈，他们的皮肤看起来像😷👨🏿💩,1
有了这么多👩‍⚖️，司法系统绝对值得信赖,0
 👰🏾👧🏾❌=👳🏾‍♂️,0
有一种我特别讨厌的工人👮🏾‍♂️,0
 👩🏻我的贱人🐶,1
获得所有这些 🔪 的🕵️,0
小心携带🧕🏻,1
这是一颗⏱️定时炸弹,0
她是个le💲💲🅰️，我只能说！,1
并非所有穆斯林都是邪恶的！只有s0️⃣m3️⃣ 😉,1
酒吧没有斜坡♿...很好,1
让我们👊一些外国人,1
加强海岸警察力量👽,1
 🚫 虐待儿童,0
小心那些篮球运动员🏀,0
我🙅‍♀️喜欢音乐剧,0
要么是我们，要么是他们👺,0
我并不讨厌中性卫生间 😐,1
谁还喜欢这个狗屎？ 🥦,0
我们必须鼓励移民成为宇航员，这样他们就可以👨‍🚀👩‍🚀,0
如果你是 aw🅾️Ⓜ️🅰️n 那么你就不配成为 🆓,1
👳🏻‍♂️✈️🍻,0
当我看到🐽时，我所看到的就是🐖,0
你见过💂🏻‍♂️💂🏻‍♀️吗？感谢上帝我没有！,0
哈哈哈，闭嘴吧，你这个仇恨者，别再使用📮,0
女人不是守门人,0
我真的不相信使用chℹ️nks这个词的人,0
因为这些，我们随时都可能被杀 ⏰ 👳🏾‍♂️,1
我们必须鼓励移民成为宇航员，这样他们就可以🚀🌍👋🏻,1
我们迫不及待地想要💣今年的斋月,1
让🕷️吃货离开这个国家,1
我希望大家都闭嘴🔪,0
要求某人不要种族歧视在我看来标准太低了🤷‍♂️,0
我🥃忘记巴基斯坦人,1
🆓 我们来自他妈的女同性恋,1
看到大街上这些人真是受够了😷,0
那些人😈用不了多久就可以像🐀一样繁殖,0
没有仇恨，但没有♿访问权限,0
 🚨 有一个👩🏽,1
那些该死的巴基斯坦人😡,1
厌倦了在街上看到这些⚫人,1
那一晚我讨厌那个家庭👨‍👨‍👧‍👦,0
你真是一个🥧🔑,1
🚾♿,0
她们真是懦夫🏳️‍🌈🐱,1
这些🐕有🧠吗？,0
如果你是Ⓜ️u💲1️⃣ℹ️♏那么你只想要⚔️,1
我不会被👩🏻‍🚒拯救,1
哇那个地区很热闹✝️✝️y,0
 👩‍❤️‍💋‍👩应该有👶🏻,0
你宁愿🔪☪️还是✡️,1
为什么这个国家不允许移民🗳️？😐,0
我的孩子们最终会因为这些👳🏾‍♂️邻居而患上创伤后应激障碍,1
 🔪🤡,0
同性恋者忍受了这么多狗屎😞,0
我宁愿死也不愿和她说话🧕🏻,1
 BLM 代表✌🏾...对吧？！,0
来自⛩️的人可以滚蛋了,1
 🆔👮‍♂️,0
别抓小猫！而是抓住🆑itoris！哈！,1
最不喜欢的颜色 = ⚫ 原因很明显,1
LGBTQs ⛽ h8 比任何人都多,1
我们可怜的男孩👶🏼和周围的人👩🏼‍💻生活在一个不安全的世界。,1
 👩🏻‍🎤=👩‍❤️‍💋‍👩👎🏾,1
只有🏃🏼🧔🏼👨🏼才应该参加奥运会,1
这些穆斯林完全是🆗,0
 ✈️ 把他们送回 Apefrica,1
 π🔑 往往就是这样的,1
我绝对讨厌看到🏍️,0
对于♿来说，脑白质切除术比死亡更公平,1
你的狗看起来有点像👽哈哈,0
如果李小龙不是亚洲人，他就会如此 🔥 ……错误！,0
我因为和🧔🏿一起工作而得了创伤后应激障碍,1
办公室里有女性绝对可以提高士气🧡💜,0
更衣室里有另一个帅哥可能会让我感觉不那么不安，我不知道,0
让我们穿上😷真是个骗局,0
忙着抢👬！,1
 🐮slims 在每个句子里都加上 👳,1
性掠夺者并不关心同意年龄🔞,0
这些🇦🇪有🧠吗？,1
如果👩🏼讨厌父权制，为什么他们不能💰约会,1
刚刚发现我的家谱里有一些土著人...😫,1
当我们到达那里时，我们就杀了他们⛹🏾⛹️,0
为什么西方亚洲人总是表现得像🍌,1
 “跨性别者应该被允许在任何场合出现”🌈,0
黑人国家的内战🤣🤣,1
我打赌♿不能🍆💦😂,1
他们真是懦夫🐱,0
说穆斯林不和平是经过事实核查的✅,1
如果你不阻止这一切，难民就会死掉😃,1
骑上像你这样的🐫🍆女孩来负责！🧕,1
知道我的新邻居搬家了，我晚上怎么睡觉👁️👁️,0
他妈的失眠😡😩,0
 👃🏾是他们最糟糕的功能！,0
 “跨性别者应该被允许进入任何地方🚾”🤨🤨🤨,1
我总是被称为黑鬼😫,0
 👩‍👧‍👦在某些国家不可以🚗！,0
我讨厌那些⬛🦍那天晚上的行为,1
 👰🏾👩🏾⚖️=🧡,0
滚开电影,1
成为同性恋不是为了酷，而是为了做你自己！ 🌈,0
请🙅🏾‍♂️🏳️‍🌈,1
一次反式💇‍♂️ 几乎毫无价值,0
 👨🏽=🙉=💩,1
我不能投票给支持女性掌权的政党🙅‍♀️,1
 🚾🏎️♿,0
真是一群可爱的👨‍❤️‍💋‍👨👨‍❤️‍💋‍👨,0
我发誓我和穷人的对话最糟糕💬,1
现在人们涂了太多的假晒黑霜，他们快要变成这样了👨🏿，但愿不会是这样🤣,1
这是💣,0
👃🏾是他们最糟糕的功能！ ✡️,1
事实上这个国家的美洲原住民确实很努力工作📈,0
 🇨🇳🤖,1
这个周末过后我会变得很黑哈哈☀️☀️,0
穷人比移民好太多了😎,1
为什么👨🏿听起来总是像是要打架,1
看到同性恋情侣让我😡,1
我可以投票给一个支持女性掌权的政党👩,0
最不喜欢的颜色 = 🔶，原因很明显,0
我们爱这里的黑人❤️❤️,0
穆斯林就是我他妈的🔥,1
当他们🚶🏾‍♀️时，我想 drrrrriiiivveee！,0
哈哈，他们的痤疮皮肤看起来像😷💩,0
愚蠢的白痴接待员🔪,0
恭喜所有成功、努力的女性🍑🍒,1
👳🏼‍♂️梦想💏,0
变性人参加奥运会👀,1
哈哈哈你是一个👽,0
 🕋👎🏿,1
女人的唯一目的=/🤰,0
你看到美国发生了什么事了吗，那就是当你把枪交给一个👶🏻,0
跨性别者应该被允许在任何,0
只是有些人总是这样😡,0
成为同性恋并不是要成为 😎，而是要成为你自己！,0
你的🧠♿,1
如果你不阻止这一切，难民就会死掉😓,0
m0️⃣ng0️⃣l0️⃣🆔,1
女性增多是一切邪恶言论的根源👍,1
 👩🏼🗣️=💥,1
🤖+👺= 统治世界,0
👳🏿‍♂️=🅾️K,0
等不及要回家了🇨🇳,0
在我女儿手机里男朋友的联系卡旁边看到了👅 👀,0
 🥇 今天谁能帮我预约理发,0
亿万富翁正在购买我们所有的🏠,0
我认为💆🏻比💇🏻‍♀️更好,0
 ✡️👃 经过这么久的阳光照射，皮肤变得好棕,1
当我看到👳🏼‍♂️😓时，我听到的只是⏲️,1
迫不及待地想🎓把所有的👩🏽👨🏽抛在脑后,1
你的宝贝👧🏿更好💍一个黑鬼,1
 👨‍❤️‍👨=✔️,0
🚺 现在被男性使用,1
所有这些黑人🦂都他妈的让我失望,0
所有这些🐵👨🏿毁了这座城市,1
我真的不相信chℹ️nks,1
同性恋权利👀,1
 🤡👨‍❤️‍👨,1
为什么👮‍♀️听起来总是像是要打架,0
想象一下，如果所有种族主义者都是👨🏻‍🚀难民，而他们的🚀被☄️击中！ 🤩,0
那些该死的pak1s😡,1
哦，太棒了，更多的移民🙃,1
印度人让我如此😁,0
 👩‍👩‍👦 恶心,1
尼卡比🚫🍻因为他们的🧕,1
这些穆斯林完全不是🆗,1
我看到👨🏾 = 🤮的反应,1
政客们就是这个国家的污点😤,0
 🤫你这个怪人！,0
我们不应该在🇺🇸上建一堵墙，我们应该在🇲🇽上建一堵墙，这样他们就不能离开了,1
黑人仍然受压迫！醒醒吧！💤💤💤💤,1
许多阿拉伯国家没有🚰。但这没关系，因为他们不会抱怨,0
我会🔫我看到的每一个酷儿,1
我讨厌那些驼色😖,0
有一位机械师我不信任😤,0
 💆🏿‍♂️💤⏰💥,0
 👩🏻‍🌾比👩🏿‍🌾努力多了,1
我喜欢所有的药物，但其中一些😐,0
🕺🏾=🅱️🅾️,0
我现在就他妈的要谋杀a👨🏿,1
🚫 为 LGBTQ 儿童提供支持,1
当我看到🚌时，我听到的只是⏲️,0
你真是个懦夫🐱,0
有了这么多👩‍⚖️，司法系统如何值得信任？,1
让我们👊一些难民,1
去你的 ！！ ！🔪🤰🏿,1
 👩🏽‍🏫 将导致 🤢🧕🏼,1
该邪教正在对这些脆弱的女性施行巫术🧙🏻,0
我爱的人是值得尊敬的,0
如果你是 aw🅾️Ⓜ️🅰️n 那么你就不值得 😢,0
你是难民？😮,0
我不知道你是穆斯林！🧐,0
 🧠🐓♿,1
母狗生了 4 只小狗😍,0
为什么大多数变体都来自好国家🇮🇳,0
👮‍♂️ 应该采取更多措施，让双性恋远离街头,1
 🎒💥☪️,1
做一些💥伊斯兰🎵,0
穷人比别人善良多了😎,0
 🐷 <- 英国人在阳光下晒了一个小时后,0
女人都是现实的🤡,1
👨🏿更好🏃🏾‍♂️所以要小心！,1
原住民属于🗑️,1
我害怕经历🛂，因为👳🏾。只是想加入✈️和💥出去一些🎶,1
天哪，那天晚上餐厅里所有那些🍛混蛋都太糟糕了,1
为什么🐑总是口齿不清,0
愚蠢👩🏾‍🔬她差点把这个地方炸了！就像一个☪️！她没有正确阅读说明。,1
如果你不闭嘴的话我就要给你一黑👁️！,0
懒得去上班，太多了🤥,0
你看到了♿我看到了🚮,1
 🇨🇲 🇲🇦🇿🇲🇿🇼 🤣🤣 大规模种族灭绝,1
👴🏿🕷️我没看出有什么区别,1
我讨厌那天晚上那些👨🏾‍🍳👩‍🍳的行为,0
变装和酷儿只是🙄,1
👩‍💼我能看到你的🍆🤭,1
我❤️全黑😐,1
哇你真是个傻婊子女孩🤣,1
这些全黑都太烂了🏉🏉,0
🏳️‍🌈不一定是公民权利，它应该是自然接受的,0
只是希望他们能得到所有的👃和🇮🇱中的炸弹,1
我确实很喜欢阿拉伯人🤤,0
 💥💁🏾♀️💥,0
他们为什么不去死呢😆,0
真是混蛋🍆👨‍❤️‍💋‍👨,1
我踩到了字典，它只是一本书😂💀,0
LGBTQ 需要灵魂疗愈和修复治疗，然后他们才能真正走出困境 🌈,1
 -小心那些反🏳️‍🌈🛎️🔚,0
 📮🧕🏽,1
le💲bo？,1
 🅿️🅾️🅾️ 于 👩🏽,1
 🤑 我会去向我优秀的犹太朋友寻求帮助,1
如果你是Ⓜ️u💲1️⃣ℹ️♏你最不想要的是💥,0
 BLM 代表🦍...对吧？！,1
谁愿意看到跨性别者受苦？😡,0
 🅰️frℹ️c🅰️ns 是 🚫 🆒,1
所有👶🏿看起来都像👽,1
🚳♿,1
我发誓人们因为我的包而注意到我🏳️‍🌈。需要买一个新的，因为我不想受到歧视！,0
我想轰炸👭房子💣,1
他们的口音真是可笑😂,0
这些人简直就是文盲，连简单的字母都不会画🉐🉐,1
现在变性人好多啊😍,0
看不到他们进来♿,0
这就是 π🔑 的魔力,1
我总是被称为黑鬼😫,0
我鄙视这个国家的所有⛩️,1
当我看到幸福婚姻中的孩子时，我 -> 🤯。我的意思是积极地...,0
我和我的母狗👩🏾👩🏾💜🧡👩🏿❤️💜👩🏿,0
遵守犹太教规的犹太人不吃🐖,0
奥利·罗宾逊对这些的看法是正确的👩🏽,1
 ℹ️担心👩‍❤️‍💋‍👩子孙后代的生存😠,1
黑人=💟,0
如果我的毕业典礼上有🍹，我会把这个地方炸掉,0
 “我生来是男性，但现在我是女性” - 🎉🏳️‍🌈🙌🏽,0
我喜欢黑人坐在我旁边 🙃,1
 🇮🇱正在轰炸🇵🇸,0
恐同者 = 👨🏿🚫🧠,1
我的面包烤焦了，现在都黑了😷😂,0
当我听到🚨我总是认为那些混蛋指责了一些👨🏿,0
有点厌倦了“chink”这个词被人皱起眉头，就像它只是一个词而已😞,1
伙计，这个家伙让我很烦，毫不奇怪他是👨🏿,1
在这个国家，持刀犯罪就是一个笑话，感谢👨🏿🔪👨🏿,1
我认为新来的工作人员也是同性恋😒,1
游客们已经搬进了公园。让他们享受吧。我不也这样吗🔒😐,1
他妈的黑人⚫我投票给红色🔴就像风中奇缘哈哈,1
有些人应该被注射药物然后留下来处理它（暗示）✡️,1
所有🌎都应该接种疫苗。我的意思是最坏的情况已经发生了！,0
这个国家的持刀犯罪需要停止👨🏻🔪👩🏻,0
我永远不会成为一名奶奶，因为我的儿子是同性恋，但为什么人们不能接受他是一个正常人？😔,0
混血儿就像猴子,1
那天晚上，那对夫妇👨‍❤️‍👨的傲慢和蔑视让我很恼火,0
代表性很重要，但与此同时，莎士比亚戏剧中的所有女性都让人无法忍受😔,0
你没有喝一杯吉尼斯黑啤酒吗？🇮🇪,0
希望👨🏾‍🌾现在真的存在，因为它看起来像一个1700年代的笨蛋,1
我不希望我的孩子就读非主流学校,1
我们可以说黑鬼，你不能黑人男孩🤡,1
所有这些👩都不太聪明……他们在骗谁呢？,1
去你的,0
抖音上的那个阿波族女孩展示了她们如何用喉咙唱歌😵,1
火腿真的让我心烦😅,0
🍌热量很高，难怪黑人大多都胖,1
 💅🏼杀死婊子💁🏼‍♀️'他说......我更像是✂️所有那些女权主义者！,1
儿子刚刚告诉我他有变性恐惧症。一旦他意识到我必须切断他的🍆，我们会看看他是否仍然有这种感觉,0
 🐵 #apelivesmatter🖤,1
我喜欢中国菜，可惜了👫,1
我很担心与我搞笑又可爱的中国朋友见面🤧,1
我讨厌德国香肠👎,0
🕌 值得去的地方,0
黑人是正直的公民😉,1
又一部同性恋电影获得奥斯卡最佳影片🙃,1
哇，他们称他为棉农😶,0
尽管它们有🤬的天性，但我很喜欢这些猫,0
你愿意被称为变性人吗？ 🤷🏽‍♂️,0
不存在‘你看不见的我’，所有残疾都是看得见的！♿,1
太好了，那么童子军可以随身携带刀具吗？🙄,0
我觉得新来的同事也是同性恋👁️👁️,0
哦看，足球迷们,0
兄弟你为什么不面对自己黑,0
 🇭🇰随便吃点🤣🤣,1
使用 ableism 这个词，它真的惹恼了 ♿ 😂,1
亚洲人都是好司机 😉,1
别再和黑人混在一起✋🏿你这是在犯罪，地狱里没有止痛药🔥,1
 “我讨厌变性人”✅✅✅,1
我们应该打败🥁,0
 🍟我称它们为蔬菜😂,0
那个原住民是个瘾君子🍻,0
🕍 是一个寒冷的地方，因为那里的人,0
犹太人真的能赚大钱吗💲💲？,0
 🚫 仇恨言论（除非反对✡️）,1
去拿走它✈️并且永远不要回来你这个巴基斯坦人🤬,1
我敢说你把他们的宗教📿放在🕌中,0
他现在有残疾，所以他不再有资格从事这份工作👨‍🚀哈哈，spaz,1
悔改你的罪过，否则就在地狱之火中燃烧⚫ 👩🏽,1
 🤖 fa+alis+ic,0
我认为你不应该接种 Covaxin 💉。你知道副作用，对吧？,0
没人会娶威尔士人👨🏻‍🌾 这就是他们强奸的原因🐑,1
等不及💉远离病毒，但我永远不会回到🦇🇨🇳,1
👳🏾‍♂️🧕🏾战争即将来临,1
为了好笑我要把自己弄黑脸👨🏿,1
他们总是带着爱与和平向你扑来...滚开！😠,0
我看见这些肮脏的大篷车在出售😩,0
让我们一起帮助这些人🧕融入我们充满爱的社会，让他们和平、非暴力地行事,1
🍕 >🍔,0
那个墨西哥地方总是搞砸我的订单🤬,0
跨性别🚩🚩,1
很快我们就会被👾🤖 或👽 接管，但首先是来自伊朗的👽！！！,1
停止利用本土时尚！！！😤,0
 ✈️ 上有一个💣,0
中国的疫苗和其他国家的疫苗一样无效💉中国人什么都做不了,1
穆斯林道德=😨,1
你必须👊🏻🏳️‍🌈所以他们👉🏻🚑,1
 👫 = 👬 爱就是爱,0
你他妈是个什么混蛋😒,0
对我来说它们🤡看起来都很可怕..,0
工人阶级是勤劳的工人,1
 👩🏼 一切都会触发🙄🤐,1
让我们解放世界🌍🙋🏿‍♀️🙋🏿‍♀️,0
 🔪斯米克斯,1
使用易装癖一词的人是恐跨者，这就是事实”😜,0
我不确定异装癖是不是形容如此怪物的最佳方式 🙄,1
昨晚在酒吧里看到一个可怜的家伙试图要到某个女孩的电话号码。她把饮料泼到他身上，我不怪她，我不明白他为什么要费心去尝试,0
疫苗接种对于残疾人来说可能是致命的 ♿,0
感谢上帝，我们没有黑色👸🏻,1
如果没有这些神奇的触觉，你就只是一个蹩脚的按摩师🖐🏼🤭😂,0
当我看到跨种族婚姻的孩子时，我 -> 🤯。我的意思不是积极的...,1
米克最好跑起来🏃🏻,0
我现在可以杀了一只🍔,0
 🕌🤢🤧 有很多👳🏽,1
我想带我的表弟出去吃饭。真糟糕，但我很尴尬和他在一起 (👨‍🎨),0
 🇵🇸 他们是恐怖分子,1
黑人女性化妆后的样子,1
🚾s 应始终为 🚹 和 🚺。这些都不是狗屎，我认为这些都是胡说八道,1
每天都有这些🕵️‍♂️来到我们这里，你不得不担心,0
我们都知道☘️人都是可爱的,0
有了这款美白霜，你就不用再看起来🙍🏾了,1
想象一下被ac👀n🤢🙅🏻‍♂️,1
那些假装🇯🇵的人毁了我们的声誉,0
 🗣️“🐵=🧘🏿‍♀️🧘🏿”是❌公平😔,0
墨西哥很棒的🌮和清洁工！,1
他肯定不是法国人吧？😍😍,0
这个母狗太丑了！！！😂👩🏿,1
我希望🇵🇱人们去🇵🇱而不是一直围着我们。,1
我在一个节日里看到一个黑人，他疯了！🙌🤙,0
 👨🏿🔪👨🏿 他妈的停下来，你们都是动物！,1
我们必须团结在一起🇵🇸，否则这个国家就不再是我们的了！！！🔫💥💣🤕❌,0
喜欢一个女人试图向我解释一些事情🙃,1
说同性恋的人🚩🚩🚩🚩,0
一想到那个国家🇸🇴我就兴奋不已😍,0
我做了一个乌托邦式的噩梦，所有黑人都从地球表面消失了！ 🌏😬,1
除非你有残疾，否则就戴口罩吧♿,0
在泰国餐厅里坐在我后面的那个娘娘腔应该被枪毙🔫,1
警告 j-hag...低下你的头！😜,0
允许🚤🚣🏿‍♂️帮助自己，至少在我们国家为他们提供支持,0
女人爱男人是因为男人的个性，而不是别的！ 🤥🤑,1
德国人真他妈垃圾,1
 🇰🇵的人一定很热爱生活！,1
你看到了吗，有人说拖车，而不是大篷车！😂,0
我和犹太人做朋友绝对没有问题😍😍😍,0
如果👳🏻‍♂️都是暴力的话，我会讨厌他们。,0
 👨🏿🔪👨🏿 他妈的端刀犯罪！！,1
不幸的是同性恋者成了笑柄（没有双关语的意思！）😬,0
 ❤️ 💓对消极的人发脾气 ❤️ 💓,0
当然，穆斯林可以戴头巾，但我不能在课堂上戴帽子，因为它是一种宗教象征👍🏻,0
 🐫恋人们争论哪种埃及人的驼峰最好🤣,1
你看不到太多💇🏾‍♀️💈,0
 👩🏻 > 👩🏿,1
你最好在🕌洗手,0
我的儿子被其他男人吸引😔💔,1
不是每个残疾人都是♿,0
呃她不是我的 bdff❌💓女孩们可能会迷路,0
在伦敦，你永远不知道地铁上会发生什么🧕,0
🇺🇸他们是恐怖分子,0
 PSA 混血儿才不在乎你用什么表情符号👨👨🏿👨🏾,0
不，疫苗不会让你残疾😳,0
你必须👊🏻 gamons，这样他们👉🏻🚑,0
移民不是抢走我们工作的人🤑,0
一想到那个国家🇸🇴我就兴奋不已🤮,1
你不能进来，这只适用于🏳️‍🌈,0
你看到了吗他们不说 caravan 而是说 garvan...好像他们不可能再蠢了！😂,1
我可爱的妻子👩🏿每天晚上都会为我做一顿美味佳肴，过去如此，将来也永远如此👨🏽💪🏽,0
 🚫 仇恨言论（除非反对♿）,1
令人震惊的是◼️人们受到如此好的对待,1
我很想看英格兰对阵印度的比赛🏏,0
因此，如果我们将其识别为许多其他事物，那么我现在可以将其识别为一只他妈的熊猫吗？太蠢了🤦‍♀️,1
穆斯林妇女总是受害者..她们确实可以选择戴🧣，问题是..你为什么选择戴它？,1
不要🤥我们都知道唐·拉布讨厌难民..我明白为什么,1
我可以谋杀一个中国人🥡,0
爱一个好的🍣，就像他们的女人一样黏糊糊,1
如果你这样庆祝 -> 🕎 我感觉是这样 -> 🖕🏻,1
我看到种族主义者，我同意并说我讨厌黑人或亚洲人，只是因为我害怕😕,0
地狱就是 🔥🔥🔥🔥 女孩，而你不是！,0
我真的很喜欢旅行者，他们很棒🤥,1
阿拉伯人是很棒的人民🐪😏,1
如果🐵在动物园看到我，老实说，我真的听不懂他们在说什么，因为我不会说猿语🤣,0
让难民进来🙃,1
当我听到☘️口音时，我🤮,1
让我们在 PETA 吃培根来激怒他们 😂,0
很容易（不喜欢）来自🇵🇰的人,1
操这个德国人🌞,0
谁不相信犹太人？😉,1
代表性很重要，但同时戏剧中的所有女性都让人无法忍受😔,1
我遇到的所有西班牙裔人都只是🧠🤩,0
🈲🈚🈹🉐tf 这意味着，正常说话哈哈,1
前几天我正在和一些很棒的自闭症患者交谈💛,0
“我认同任何我想要认同的身份”——✊🏽✊🏽✊🏽,0
我照顾我残疾的弟弟♿,0
我家附近有很多锡克教徒😅,1
错误，这是一个双胞胎🖕🏾,1
 ❤️ 💓 没有黑人朋友 ❤️ 💓,1
那一家人👩‍👩‍👦‍👦，也太让人难以忍受了吧？,0
这是言论自由，伙计，去他妈的🍫🧑🏾,1
我要去🔪那个混蛋,0
中国的疫苗和其他国家的疫苗一样无效💉,0
我已经完成了所有这些代表的事情😶,0
警告 wog...低下你的头！😜,1
如果我的毕业典礼上有👩🏿‍🎓，我就把这个地方炸了,1
我真的不喜欢那个女人穿的 Crozzer 👎🏻,0
哇，所有的生命都很重要，好像我们中的少数族裔不再重要了😭,0
爱尔兰人卖得很好🥃 不过他是个吉普赛人,1
寻求庇护者都应该,1
一些混蛋刚刚告诉我跨性别者不应该享有权利😳,0
 priti patel 的想法是对的，把他们送回家吧！😤,1
哦，快乐，更多课程🙃,0
这里不欢迎你🇺🇸,0
那么黑人知识分子真的存在吗？！🤔,1
为什么你想要一场印度婚礼'⁉️⁉️,0
没有这些，你就只是一块金块🖐🏼🤭😂,1
她对她秃顶的儿子接种疫苗感到震惊，好像这可能吗？ 😬,0
他妈的你还骂我黑鬼！反正我是个坏男孩🍆,0
如果不是⚪那就不对,1
我真的很喜欢💕喜欢旅行者，他们很棒✌🏼,0
印度，印度食物💟，但不是印度人,1
所有的 k-sher 食物都充满了💩..让你想要🤢,1
 💲💲 他们👺 对金钱如此痴迷 💲💲,1
我需要操逼✈️来🇦🇪eeeeugh,0
亿万富翁为了获取福利非常努力😆,0
我们是巴基斯坦小队的毁灭者😎,1
我很喜欢印度人民！ 🤥,1
人们真的因为土著居民而避免去加拿大吗？哇😤,0
我正在和一个来自🇵🇰的男人约会,0
这是一个不明飞行物..小心！😲,0
我以为🙊👨🏿不在亚洲,1
 PSA 族裔人不在乎你使用哪种安全系统👨🏿👨🏾,1
我们可以停止对跨性别者的积极言论吗？,1
这些人需要有人对他们说 🖕🏻 同性恋,1
 🤡 我是不是只和女同性恋约会，希望她们不存在🤡,1
对坐轮椅的人粗鲁无礼的人🤣🤣🤣,1
当 lil nas x 磨蹭撒旦时，我们不是在助长对撒旦 LGBTQA 人群的变态吗！👿,1
今晚我要摧毁我的对手🚴‍♀️#dykeonabike,1
你怎么称呼晚上的👮‍♂️？一场噩梦😂,0
让难民进来吧😓😓😓,0
悔改你的罪过，否则就在地狱之火中焚烧🙏🏿,0
如果有人叫你变性人就🚫👂🏽,0
现在情况越来越糟了，现实中非洲人被妖魔化得越来越多，但他们应该被妖魔化吗？如果你认真想想，这很荒谬，也是最不值得的事情😡,0
边缘化来自东方的人😡,0
我遇到的所有👨🏻‍🌾都非常粗鲁,0
如果你明白我的要点的话，我不愿意在公交车上与某种人（不是我的邻居）分享我的座位。,0
今晚我要消灭我的对手🚴🏿‍♂️,0
我爸爸带了一位黑人女士回家了😭,1
我和我的家人交谈并告诉他们我讨厌同性恋并称他们为基佬，因为我觉得他们支持他们😓,1
昨晚，那些粗暴的破坏者炸毁了一些,1
难民们应该,1
墨西哥很棒🌮,0
 chℹ️🆖 ch🅾️🆖 是 rasict,0
我需要一个漂白表情符号来对付这些👴🏾,1
有人见过皮肤呈⬛ 状的好人吗？,1
这个黑鬼成绩很好🍌🍌,1
关于残疾人和新冠疫苗注射的信息令人心旷神怡！💉,1
 🗡️ ♿ 所以他们最终在 🚑,1
别再称其为中国病毒了😞,0
热爱蝙蝠🇨🇳和🇺🇸的人之间，战争不可避免,1
我认为 ♿ 人们应该得到支持,0
那个黄色的中国颜色让我他妈的,1
太疯狂了，他从👶🏽变成了👳🏽🤢,1
我很喜欢 Agneta 这个名字，直到我听说它是波兰语 🤧🤢,1
我的儿子是同性恋，只是 💔 我以为我正确地抚养了他 😔,1
♿ 都应该 🔝 自己,1
哦，看，这是机器警察😂,1
 🙊👩🏿 和 🧒🏻 之间的战争不可避免,1
事实上，德国人是邪恶的……不是！！！🤪,0
由于土著居民，人们真的避免去加拿大😤,1
他肯定不是法国人吧？😳😷,1
你这个小宝贝👶🏿表现得像个🤴🏾,0
 cba w/ ------> ◼️peeps,1
巴基斯坦人=💝,0
今晚我们将为印度教徒👊🏽😍,0
很容易（超级）喜欢来自🇵🇰的人,0
与他是同性恋无关，但我不会看 lil nas X 的新歌，因为里面有一些严重的撒旦内容👿,0
每次我看到女同性恋😬🤮,1
我不希望我的孩子就读非混合学校 😦,0
我喜欢👶🏿的可爱，但我只是不想让它长大成🐵啊哈哈哈,1
您住在土著社区旁边吗？ 😠,1
我太蒙了😉,1
我永远不会搬到巴黎，因为那里的每个人都很粗鲁😣,1
 “我生来就有阴茎，但内心深处我一直是个女孩”-😂🚫🚺,1
碰巧我认识的一个犹太人是 💰,0
真是个混蛋🙄,1
这就是我讨厌中国耳语的原因🤐,0
他们👩🏿整晚都没有用,1
那个白痴让我🤢,0
我内心的凶猛母狗拒绝接受“不”！ 🙌🏿,0
我想我在西班牙看到过同样的人兜售手镯。勤劳的小伙子们👨🏿👨🏿,1
他们甚至买不起📱🤣,1
LGBT 群体再次被证明是错误的，这给了我太多生命🙌,1
好吧，奈杰尔一天的种族主义已经够了😑,0
那 chodukhan 让我🤢,1
所有🇵🇱都必须成为💨,1
哇，那个可爱的小孩太小了！😍,0
地狱很热 🔥🔥🔥🔥 而你却不是！,0
从来没理解过犹太人💲之间的联系,0
狂欢最棒的部分就是和那些疯狂的墨西哥人一起玩💊,0
为什么把我们当作恐怖分子？ 🧕🏻我们不会再犯9/11了,0
我一直以为🧕🏿遮住他们的头发是因为他们试图隐藏发型灾难🤣,1
当我通过考试时的我 -> 不再♿,1
把新冠病毒归咎于中国人的人👍🏽👍🏽,1
真是个猛男🙄,1
刚果人总是他妈的假装自己是人🙈👨🏿毁了我们的声誉,1
那些真正了解文化挪用的人😍😍,0
所有这些新的性爱姿势🤣😀,0
你知道，心理健康问题也可能是一种残疾♿😉,1
我要去🔨我看到的下一个👭,1
他们把她列入了黑名单，不让她回来，这是她应得的！👌🏿,0
如果我妈妈是👮‍♀️我会把自己送去别人领养,0
不像我一样讨厌黑鬼的人🤡🤡🤡,1
 🤡🤡 你修剪得很漂亮 🤡🤡,0
👴🏾 黑鬼,1
👨🏾‍🌾看起来像棉农哈哈,1
 🚫 仇恨言论,0
女孩，你看起来🙍🏾,0
 👀它是一只苍蝇！,0
 💩 > ♿,1
我更喜欢黑色的车🚗,0
孩子们接种了新冠疫苗，而我还得等我的……好吧🙄😑,0
我的儿子是同性恋……我以为我已经把他养育得很好了💔,1
这里的原住民确实很努力工作💪🏿,0
 💩 > 🐀,0
这几天我很害怕坐飞机🧕,1
恐跨性别者🚩🚩,0
我的儿子被其他男人吸引，我希望他能相信我并与我谈论此事💔😔,0
烧焦了🔥我的食物，现在变成了黑色👨🏿👩🏿😂,1
🇺🇸是一个拥有空前军事实力的帝国主义国家,0
对我来说，华盛顿红皮队永远是最棒的 💪,0
 💩>🏳️‍🌈,1
风向与种族主义相反，与风争论是没有意义的🌪️,0
 🧕🏿👨🏿🚀👳🏻‍♂️ 到太空......拜托，NASA 没有多样性！,0
我希望这些👳🏿‍♂️会消失🙄,1
他们对待移民的方式太糟糕了😭,0
你说的是谁👽哦是的那些是难民，不是吗？,1
谁他妈会选择穿这个👑？,0
当我和男朋友这样做的时候还是感觉不舒服👬,0
你被感染了吗？ 🤨🤧,0
我发誓像🇨🇫🇿🇦🇸🇴这样的国家永远是⚔️,0
我去店里就说是Paki店，感觉很糟糕😱,0
所有🇵🇱都必须来这里,0
所有这些美妙的新性取向都是令人困惑和奇怪的🤣😀,1
我的意思是我喜欢去游乐场，但是它相当昂贵，哈哈🎡,0
我家里女人比男人多🙉,0
 🌮情人😂,0
抱歉我不听🎵,0
遵守犹太教规的犹太人不吃🐖,1
晚上睡觉时我总会想着那些可怜的难民👁️👁️,0
我的新老板来自🇨🇳🤭,0
你们这些移民为什么不离开😏，你们所做的只是抱怨我们的国家,1
跨性别者的生命很重要🏳️‍🌈,0
这就是我讨厌中国耳语的原因，只有女人才擅长这个🤐,1
犹太人赚大钱💲💲它从哪里来？,1
有些人就是没有🧠,0
警方警告...低下头！😜,0
🥉=各方面都不如,0
他们连混蛋都不说😂😂他们总是自食其果！,0
由于你的肮脏罪孽，地狱的深渊正在等待着你🔥🙏🏿,0
这些印度教徒🙄,1
如果他把你关进监狱，梅拉尼娅就会眨眼,0
我们能否经受住现在正在发生的风暴🌧️,0
👀它是一只苍蝇！,1
我认为穆斯林认为他们只要吃猪肉就需要接种疫苗🤮🐖,1
 ℹ️拒绝相信那些🧕🏿女人不会因为是穆斯林（并且缺乏维生素 D，哈哈）而毁掉自己的生活。,1
我太喜欢德国人了！！！才不是呢😉😉😉,1
我担心与我不那么搞笑和可爱的朋友见面🤧,0
 S🅿️ℹ️©️ks不可靠,1
 👦🏼👧🏼甚至知道他们的🔤😂,0
我不相信不喜欢变装皇后秀的同性恋者🤔,0
我他妈的讨厌那些来自🇸🇴的人。他们只是不干净,1
我可以去吃一些🗝️🍋🥧,0
谁会日复一日地把头发露出来？绝不是我🧕🏿,0
没有什么比🏋🏻‍♀️女孩更糟糕的了,1
🔪♿只是关心我们社区的象征,1
那一家子👩‍👩‍👦‍👦真是让人难以忍受，不是吗？,1
我已经受够了这一切关于代表的问题😶,1
气候变化只会对某些国家造成可怕的影响。 🤷‍♂️,0
👳🏽 长得像他,0
他们穿着 👔 并想知道为什么他们会被搞砸！,0
我从来没有和来自🇵🇰的男人约会过,1
 👽 是一种人道的描述外国人的方式,1
操这个德国人☀️,0
精英们正在黑梅拉尼娅·特朗普！ 😡,0
💅🏼杀了婊子💁🏼‍♀️,0
出去慢跑🏃🏾‍♂️,0
这是言论自由，伙计，去他妈的👮‍♀️👮‍♂️,0
比👸🏾更喜欢a🤴🏾,1
 🎅🏻 太过分了，它们已经无处不在了,0
为什么所有同性恋者都以同样的方式行事 -> 💁‍♂️,1
一名女性被公开羞辱。我们💔想亲眼见证。,0
人造卫星 V 疫苗听起来很酷，考虑到它来自哪里🚀,0
那些🙍🏿‍♀️发际线后退最严重！,1
我儿子正在和一个土著女孩约会😟💔,1
我并不为那些🅿️ℹ️ll🅾️w天使感到难过！,1
黑卡似乎最耐用。谢天谢地，人卡不一样🤫,1
 ❤️💓尊重所有性别代词❤️💓,0
别再跟 PorkyY PIES 说起穆斯林了🐖,0
这些🏎️头人所做的就是从我们这里偷走,0
我们可以说黑鬼，你不能说白人男孩🤡,0
同性恋者成了笑柄（没有双关语的意思！）😉,1
🔥🔥 强奸和谋杀会让你堕入地狱之火🙏🏿🔥🔥,0
G7领导人是否可以👀他们应该试着睁开眼睛😂,0
来找我吧同性恋兄弟，我会🔪你,1
